Gênero,n,pos_rate,roc_auc,pr_auc
Feminino,415,0.6216867469879518,0.7050313533797463,0.8050727818310331
Masculino,350,0.6885714285714286,0.7810917811869503,0.8827564978033295
