Fase,n,pos_rate,roc_auc,pr_auc
0,174,0.22988505747126436,0.8910447761194029,0.768227310402666
1,138,0.5217391304347826,0.8954124579124578,0.8925576870252822
2,153,0.6601307189542484,0.7703731911652704,0.872175922890837
3,94,0.3723404255319149,0.7317191283292979,0.6516762154962271
4,67,0.47761194029850745,0.6473214285714286,0.651021325367435
5,43,0.3488372093023256,0.7214285714285714,0.6879952722321029
6,17,0.5882352941176471,0.9285714285714286,0.9540404040404039
7,20,0.5,0.64,0.6488141923436042
8,59,0.22033898305084745,0.14214046822742477,0.1516521592139476
