Pedra,n,pos_rate,roc_auc,pr_auc
Agata,153,0.42483660130718953,0.7054195804195804,0.63354319895452
Ametista,308,0.5,0.8633833698768764,0.8635792033149188
NA,75,0.26666666666666666,0.41727272727272724,0.46678784049651745
Quartzo,42,0.23809523809523808,0.7062499999999999,0.5224669312169312
Topázio,187,0.42245989304812837,0.8621659634317863,0.8277142113116017
