Fase,n,pos_rate,roc_auc,pr_auc
0,174,0.5919540229885057,0.7654861206071379,0.8340895099188864
1,138,0.717391304347826,0.8212898212898213,0.9189683950970821
2,153,0.8562091503267973,0.7914642609299097,0.942402761115575
3,94,0.6595744680851063,0.6824596774193548,0.8275648659836702
4,67,0.6268656716417911,0.5219047619047619,0.6986936664687744
5,43,0.5813953488372093,0.7022222222222223,0.7666847951562821
6,17,0.5882352941176471,0.8571428571428572,0.9295306001188354
7,20,0.7,0.19047619047619047,0.5649864466704361
8,59,0.22033898305084745,0.36371237458193983,0.19823473627821453
