Pedra,n,pos_rate,roc_auc,pr_auc
Agata,153,0.7124183006535948,0.7635529608006673,0.8832270385411782
Ametista,308,0.6461038961038961,0.7732239177539072,0.8563793194139566
NA,75,0.3333333333333333,0.4748000000000001,0.44899564661750146
Quartzo,42,0.8333333333333334,0.8326530612244898,0.9659590424960434
Topázio,187,0.7005347593582888,0.6920665212649946,0.829395553239312
