Gênero,n,pos_rate,roc_auc,pr_auc
Feminino,415,0.40963855421686746,0.8224129651860744,0.7895341454574578
Masculino,350,0.4514285714285714,0.8117253428270043,0.7939214495583465
