Gênero,n,pos_rate,roc_auc,pr_auc
Feminino,415,0.6216867469879518,0.7374956796523972,0.8151757646927894
Masculino,350,0.6885714285714286,0.7539685560927329,0.8703831445262348
