{
  "Iter3_LightGBM_raw": {
    "roc_auc": 0.7584,
    "pr_auc": 0.8427,
    "brier": 0.2001,
    "f1_at_train_threshold": 0.7913,
    "recall_at_top_decile": 0.1423
  },
  "B_LGBM_interactions": {
    "n": 765,
    "prevalence": 0.6522875816993464,
    "roc_auc": 0.7729255503488179,
    "pr_auc": 0.8493453288718238,
    "brier": 0.1966211746405483,
    "f1_at_train_threshold": 0.7911040508339953,
    "recall_at_top_decile": 0.14228456913827656
  },
  "C_DART": {
    "n": 765,
    "prevalence": 0.6522875816993464,
    "roc_auc": 0.7128392122591045,
    "pr_auc": 0.8027807865128135,
    "brier": 0.2144742573874145,
    "f1_at_train_threshold": 0.7818343722172751,
    "recall_at_top_decile": 0.1342685370741483
  },
  "D_GOSS": {
    "n": 765,
    "prevalence": 0.6522875816993464,
    "roc_auc": 0.7552172013199331,
    "pr_auc": 0.8494173465417274,
    "brier": 0.19849514847020597,
    "f1_at_train_threshold": 0.7895569620253164,
    "recall_at_top_decile": 0.1462925851703407
  },
  "A_PerFase": {
    "n": 765,
    "prevalence": 0.6522875816993464,
    "roc_auc": 0.5902971356246327,
    "pr_auc": 0.7282069107807981,
    "brier": 0.3696247504074022,
    "f1_at_train_threshold": 0.6353944562899787,
    "recall_at_top_decile": 0.12024048096192384
  }
}